Date Reported,Nomes de medida,Valores de medida
Tudo,Confirmed Cases,473.459
Tudo,PCR Tests,4.359.840
Tudo,* Antigen Tests,773.177
Tudo,Serology Tests,145.914
17/02/2021,Confirmed Cases,554
17/02/2021,PCR Tests,6.374
17/02/2021,* Antigen Tests,7.582
17/02/2021,Serology Tests,198
16/02/2021,Confirmed Cases,706
16/02/2021,PCR Tests,8.647
16/02/2021,* Antigen Tests,7.162
16/02/2021,Serology Tests,376
15/02/2021,Confirmed Cases,517
15/02/2021,PCR Tests,6.455
15/02/2021,* Antigen Tests,3.554
15/02/2021,Serology Tests,486
14/02/2021,Confirmed Cases,316
14/02/2021,PCR Tests,4.928
14/02/2021,* Antigen Tests,1.416
14/02/2021,Serology Tests,100
13/02/2021,Confirmed Cases,517
13/02/2021,PCR Tests,9.447
13/02/2021,* Antigen Tests,4.749
13/02/2021,Serology Tests,203
12/02/2021,Confirmed Cases,622
12/02/2021,PCR Tests,9.847
12/02/2021,* Antigen Tests,5.517
12/02/2021,Serology Tests,451
11/02/2021,Confirmed Cases,956
11/02/2021,PCR Tests,16.221
11/02/2021,* Antigen Tests,11.545
11/02/2021,Serology Tests,436
10/02/2021,Confirmed Cases,866
10/02/2021,PCR Tests,16.162
10/02/2021,* Antigen Tests,6.953
10/02/2021,Serology Tests,467
09/02/2021,Confirmed Cases,854
09/02/2021,PCR Tests,12.642
09/02/2021,* Antigen Tests,13.846
09/02/2021,Serology Tests,511
08/02/2021,Confirmed Cases,970
08/02/2021,PCR Tests,12.272
08/02/2021,* Antigen Tests,7.844
08/02/2021,Serology Tests,876
07/02/2021,Confirmed Cases,412
07/02/2021,PCR Tests,5.855
07/02/2021,* Antigen Tests,1.902
07/02/2021,Serology Tests,122
06/02/2021,Confirmed Cases,666
06/02/2021,PCR Tests,9.957
06/02/2021,* Antigen Tests,1.904
06/02/2021,Serology Tests,377
05/02/2021,Confirmed Cases,1.014
05/02/2021,PCR Tests,13.910
05/02/2021,* Antigen Tests,11.211
05/02/2021,Serology Tests,709
04/02/2021,Confirmed Cases,1.316
04/02/2021,PCR Tests,21.086
04/02/2021,* Antigen Tests,10.794
04/02/2021,Serology Tests,1.233
03/02/2021,Confirmed Cases,1.418
03/02/2021,PCR Tests,17.864
03/02/2021,* Antigen Tests,10.931
03/02/2021,Serology Tests,563
02/02/2021,Confirmed Cases,1.012
02/02/2021,PCR Tests,11.916
02/02/2021,* Antigen Tests,15.157
02/02/2021,Serology Tests,563
01/02/2021,Confirmed Cases,1.220
01/02/2021,PCR Tests,11.305
01/02/2021,* Antigen Tests,10.526
01/02/2021,Serology Tests,1.290
31/01/2021,Confirmed Cases,694
31/01/2021,PCR Tests,7.253
31/01/2021,* Antigen Tests,2.351
31/01/2021,Serology Tests,176
30/01/2021,Confirmed Cases,960
30/01/2021,PCR Tests,11.840
30/01/2021,* Antigen Tests,4.327
30/01/2021,Serology Tests,268
29/01/2021,Confirmed Cases,1.317
29/01/2021,PCR Tests,15.225
29/01/2021,* Antigen Tests,13.526
29/01/2021,Serology Tests,513
28/01/2021,Confirmed Cases,1.914
28/01/2021,PCR Tests,21.124
28/01/2021,* Antigen Tests,11.652
28/01/2021,Serology Tests,1.071
27/01/2021,Confirmed Cases,1.594
27/01/2021,PCR Tests,20.178
27/01/2021,* Antigen Tests,11.783
27/01/2021,Serology Tests,475
26/01/2021,Confirmed Cases,1.450
26/01/2021,PCR Tests,14.573
26/01/2021,* Antigen Tests,10.508
26/01/2021,Serology Tests,1.331
25/01/2021,Confirmed Cases,1.319
25/01/2021,PCR Tests,14.877
25/01/2021,* Antigen Tests,10.555
25/01/2021,Serology Tests,405
24/01/2021,Confirmed Cases,809
24/01/2021,PCR Tests,8.317
24/01/2021,* Antigen Tests,2.100
24/01/2021,Serology Tests,174
23/01/2021,Confirmed Cases,1.232
23/01/2021,PCR Tests,12.919
23/01/2021,* Antigen Tests,4.912
23/01/2021,Serology Tests,863
22/01/2021,Confirmed Cases,2.550
22/01/2021,PCR Tests,22.552
22/01/2021,* Antigen Tests,10.259
22/01/2021,Serology Tests,780
21/01/2021,Confirmed Cases,1.756
21/01/2021,PCR Tests,19.817
21/01/2021,* Antigen Tests,13.646
21/01/2021,Serology Tests,1.643
20/01/2021,Confirmed Cases,1.853
20/01/2021,PCR Tests,19.516
20/01/2021,* Antigen Tests,9.810
20/01/2021,Serology Tests,715
19/01/2021,Confirmed Cases,1.790
19/01/2021,PCR Tests,15.479
19/01/2021,* Antigen Tests,12.115
19/01/2021,Serology Tests,1.047
18/01/2021,Confirmed Cases,1.323
18/01/2021,PCR Tests,13.899
18/01/2021,* Antigen Tests,6.217
18/01/2021,Serology Tests,1.080
17/01/2021,Confirmed Cases,1.391
17/01/2021,PCR Tests,12.559
17/01/2021,* Antigen Tests,3.851
17/01/2021,Serology Tests,1.692
16/01/2021,Confirmed Cases,1.344
16/01/2021,PCR Tests,13.686
16/01/2021,* Antigen Tests,7.070
16/01/2021,Serology Tests,484
15/01/2021,Confirmed Cases,1.700
15/01/2021,PCR Tests,13.703
15/01/2021,* Antigen Tests,11.557
15/01/2021,Serology Tests,796
14/01/2021,Confirmed Cases,2.501
14/01/2021,PCR Tests,23.871
14/01/2021,* Antigen Tests,12.444
14/01/2021,Serology Tests,682
13/01/2021,Confirmed Cases,2.462
13/01/2021,PCR Tests,20.668
13/01/2021,* Antigen Tests,8.526
13/01/2021,Serology Tests,481
12/01/2021,Confirmed Cases,2.286
12/01/2021,PCR Tests,16.117
12/01/2021,* Antigen Tests,13.977
12/01/2021,Serology Tests,448
11/01/2021,Confirmed Cases,2.211
11/01/2021,PCR Tests,15.660
11/01/2021,* Antigen Tests,13.999
11/01/2021,Serology Tests,341
10/01/2021,Confirmed Cases,1.681
10/01/2021,PCR Tests,10.780
10/01/2021,* Antigen Tests,2.461
10/01/2021,Serology Tests,566
09/01/2021,Confirmed Cases,2.365
09/01/2021,PCR Tests,15.707
09/01/2021,* Antigen Tests,3.725
09/01/2021,Serology Tests,1.836
08/01/2021,Confirmed Cases,3.939
08/01/2021,PCR Tests,27.711
08/01/2021,* Antigen Tests,12.211
08/01/2021,Serology Tests,1.247
07/01/2021,Confirmed Cases,4.105
07/01/2021,PCR Tests,25.498
07/01/2021,* Antigen Tests,11.882
07/01/2021,Serology Tests,524
06/01/2021,Confirmed Cases,4.072
06/01/2021,PCR Tests,24.592
06/01/2021,* Antigen Tests,10.308
06/01/2021,Serology Tests,657
05/01/2021,Confirmed Cases,3.150
05/01/2021,PCR Tests,14.285
05/01/2021,* Antigen Tests,11.432
05/01/2021,Serology Tests,1.158
04/01/2021,Confirmed Cases,2.476
04/01/2021,PCR Tests,13.825
04/01/2021,* Antigen Tests,7.468
04/01/2021,Serology Tests,334
03/01/2021,Confirmed Cases,1.602
03/01/2021,PCR Tests,7.762
03/01/2021,* Antigen Tests,4.032
03/01/2021,Serology Tests,1.896
02/01/2021,Confirmed Cases,2.123
02/01/2021,PCR Tests,10.672
02/01/2021,* Antigen Tests,3.818
02/01/2021,Serology Tests,1.600
01/01/2021,Confirmed Cases,1.898
01/01/2021,PCR Tests,12.179
01/01/2021,* Antigen Tests,1.662
01/01/2021,Serology Tests,342
31/12/2020,Confirmed Cases,4.004
31/12/2020,PCR Tests,24.191
31/12/2020,* Antigen Tests,11.986
31/12/2020,Serology Tests,476
30/12/2020,Confirmed Cases,4.256
30/12/2020,PCR Tests,22.438
30/12/2020,* Antigen Tests,9.505
30/12/2020,Serology Tests,578
29/12/2020,Confirmed Cases,3.135
29/12/2020,PCR Tests,16.795
29/12/2020,* Antigen Tests,14.081
29/12/2020,Serology Tests,374
28/12/2020,Confirmed Cases,2.801
28/12/2020,PCR Tests,20.091
28/12/2020,* Antigen Tests,9.657
28/12/2020,Serology Tests,196
27/12/2020,Confirmed Cases,1.446
27/12/2020,PCR Tests,6.599
27/12/2020,* Antigen Tests,2.141
27/12/2020,Serology Tests,208
26/12/2020,Confirmed Cases,1.592
26/12/2020,PCR Tests,9.590
26/12/2020,* Antigen Tests,1.396
26/12/2020,Serology Tests,174
25/12/2020,Confirmed Cases,1.549
25/12/2020,PCR Tests,11.763
25/12/2020,* Antigen Tests,928
25/12/2020,Serology Tests,296
24/12/2020,Confirmed Cases,1.976
24/12/2020,PCR Tests,17.697
24/12/2020,* Antigen Tests,5.068
24/12/2020,Serology Tests,491
23/12/2020,Confirmed Cases,3.002
23/12/2020,PCR Tests,20.148
23/12/2020,* Antigen Tests,10.743
23/12/2020,Serology Tests,980
22/12/2020,Confirmed Cases,3.425
22/12/2020,PCR Tests,19.602
22/12/2020,* Antigen Tests,8.641
22/12/2020,Serology Tests,637
21/12/2020,Confirmed Cases,2.373
21/12/2020,PCR Tests,15.050
21/12/2020,* Antigen Tests,9.626
21/12/2020,Serology Tests,706
20/12/2020,Confirmed Cases,3.079
20/12/2020,PCR Tests,18.148
20/12/2020,* Antigen Tests,5.624
20/12/2020,Serology Tests,864
19/12/2020,Confirmed Cases,1.970
19/12/2020,PCR Tests,12.620
19/12/2020,* Antigen Tests,5.888
19/12/2020,Serology Tests,613
18/12/2020,Confirmed Cases,2.775
18/12/2020,PCR Tests,18.179
18/12/2020,* Antigen Tests,7.474
18/12/2020,Serology Tests,982
17/12/2020,Confirmed Cases,3.619
17/12/2020,PCR Tests,23.089
17/12/2020,* Antigen Tests,7.813
17/12/2020,Serology Tests,690
16/12/2020,Confirmed Cases,3.742
16/12/2020,PCR Tests,25.076
16/12/2020,* Antigen Tests,13.001
16/12/2020,Serology Tests,632
15/12/2020,Confirmed Cases,2.781
15/12/2020,PCR Tests,17.119
15/12/2020,* Antigen Tests,7.645
15/12/2020,Serology Tests,441
14/12/2020,Confirmed Cases,2.899
14/12/2020,PCR Tests,18.742
14/12/2020,* Antigen Tests,8.093
14/12/2020,Serology Tests,391
13/12/2020,Confirmed Cases,2.817
13/12/2020,PCR Tests,16.133
13/12/2020,* Antigen Tests,2.401
13/12/2020,Serology Tests,355
12/12/2020,Confirmed Cases,2.582
12/12/2020,PCR Tests,17.620
12/12/2020,* Antigen Tests,18.986
12/12/2020,Serology Tests,531
11/12/2020,Confirmed Cases,3.819
11/12/2020,PCR Tests,20.809
11/12/2020,* Antigen Tests,25.769
11/12/2020,Serology Tests,745
10/12/2020,Confirmed Cases,3.887
10/12/2020,PCR Tests,24.181
10/12/2020,* Antigen Tests,14.956
10/12/2020,Serology Tests,581
09/12/2020,Confirmed Cases,4.146
09/12/2020,PCR Tests,25.136
09/12/2020,* Antigen Tests,10.455
09/12/2020,Serology Tests,568
08/12/2020,Confirmed Cases,2.854
08/12/2020,PCR Tests,16.567
08/12/2020,* Antigen Tests,5.684
08/12/2020,Serology Tests,283
07/12/2020,Confirmed Cases,3.019
07/12/2020,PCR Tests,18.541
07/12/2020,* Antigen Tests,5.734
07/12/2020,Serology Tests,520
06/12/2020,Confirmed Cases,2.583
06/12/2020,PCR Tests,13.859
06/12/2020,* Antigen Tests,1.826
06/12/2020,Serology Tests,210
05/12/2020,Confirmed Cases,3.398
05/12/2020,PCR Tests,20.335
05/12/2020,* Antigen Tests,3.303
05/12/2020,Serology Tests,506
04/12/2020,Confirmed Cases,5.288
04/12/2020,PCR Tests,26.272
04/12/2020,* Antigen Tests,4.674
04/12/2020,Serology Tests,453
03/12/2020,Confirmed Cases,3.965
03/12/2020,PCR Tests,22.973
03/12/2020,* Antigen Tests,5.846
03/12/2020,Serology Tests,564
02/12/2020,Confirmed Cases,4.177
02/12/2020,PCR Tests,21.833
02/12/2020,* Antigen Tests,5.501
02/12/2020,Serology Tests,504
01/12/2020,Confirmed Cases,2.804
01/12/2020,PCR Tests,14.247
01/12/2020,* Antigen Tests,7.150
01/12/2020,Serology Tests,271
30/11/2020,Confirmed Cases,2.785
30/11/2020,PCR Tests,14.934
30/11/2020,* Antigen Tests,3.709
30/11/2020,Serology Tests,208
29/11/2020,Confirmed Cases,3.992
29/11/2020,PCR Tests,17.863
29/11/2020,* Antigen Tests,825
29/11/2020,Serology Tests,170
28/11/2020,Confirmed Cases,3.043
28/11/2020,PCR Tests,14.395
28/11/2020,* Antigen Tests,851
28/11/2020,Serology Tests,299
27/11/2020,Confirmed Cases,2.194
27/11/2020,PCR Tests,15.516
27/11/2020,* Antigen Tests,2.887
27/11/2020,Serology Tests,223
26/11/2020,Confirmed Cases,2.448
26/11/2020,PCR Tests,14.899
26/11/2020,* Antigen Tests,3.578
26/11/2020,Serology Tests,371
25/11/2020,Confirmed Cases,5.098
25/11/2020,PCR Tests,25.933
25/11/2020,* Antigen Tests,6.481
25/11/2020,Serology Tests,590
24/11/2020,Confirmed Cases,4.306
24/11/2020,PCR Tests,24.009
24/11/2020,* Antigen Tests,2.695
24/11/2020,Serology Tests,455
23/11/2020,Confirmed Cases,3.356
23/11/2020,PCR Tests,19.198
23/11/2020,* Antigen Tests,3.707
23/11/2020,Serology Tests,272
22/11/2020,Confirmed Cases,3.938
22/11/2020,PCR Tests,19.581
22/11/2020,* Antigen Tests,936
22/11/2020,Serology Tests,278
21/11/2020,Confirmed Cases,3.982
21/11/2020,PCR Tests,22.008
21/11/2020,* Antigen Tests,1.019
21/11/2020,Serology Tests,534
20/11/2020,Confirmed Cases,4.695
20/11/2020,PCR Tests,24.965
20/11/2020,* Antigen Tests,2.254
20/11/2020,Serology Tests,612
19/11/2020,Confirmed Cases,4.762
19/11/2020,PCR Tests,25.824
19/11/2020,* Antigen Tests,2.861
19/11/2020,Serology Tests,442
18/11/2020,Confirmed Cases,4.379
18/11/2020,PCR Tests,22.042
18/11/2020,* Antigen Tests,3.316
18/11/2020,Serology Tests,400
17/11/2020,Confirmed Cases,4.687
17/11/2020,PCR Tests,20.005
17/11/2020,* Antigen Tests,2.560
17/11/2020,Serology Tests,363
16/11/2020,Confirmed Cases,4.255
16/11/2020,PCR Tests,18.855
16/11/2020,* Antigen Tests,5.969
16/11/2020,Serology Tests,187
15/11/2020,Confirmed Cases,4.276
15/11/2020,PCR Tests,17.380
15/11/2020,* Antigen Tests,797
15/11/2020,Serology Tests,180
14/11/2020,Confirmed Cases,4.300
14/11/2020,PCR Tests,18.275
14/11/2020,* Antigen Tests,770
14/11/2020,Serology Tests,400
13/11/2020,Confirmed Cases,5.904
13/11/2020,PCR Tests,25.738
13/11/2020,* Antigen Tests,6.014
13/11/2020,Serology Tests,315
12/11/2020,Confirmed Cases,4.162
12/11/2020,PCR Tests,16.491
12/11/2020,* Antigen Tests,4.597
12/11/2020,Serology Tests,346
11/11/2020,Confirmed Cases,4.963
11/11/2020,PCR Tests,21.941
11/11/2020,* Antigen Tests,3.103
11/11/2020,Serology Tests,351
10/11/2020,Confirmed Cases,4.007
10/11/2020,PCR Tests,18.428
10/11/2020,* Antigen Tests,2.278
10/11/2020,Serology Tests,271
09/11/2020,Confirmed Cases,3.706
09/11/2020,PCR Tests,16.674
09/11/2020,* Antigen Tests,922
09/11/2020,Serology Tests,154
08/11/2020,Confirmed Cases,3.548
08/11/2020,PCR Tests,13.825
08/11/2020,* Antigen Tests,552
08/11/2020,Serology Tests,128
07/11/2020,Confirmed Cases,3.955
07/11/2020,PCR Tests,19.674
07/11/2020,* Antigen Tests,773
07/11/2020,Serology Tests,316
06/11/2020,Confirmed Cases,4.021
06/11/2020,PCR Tests,21.209
06/11/2020,* Antigen Tests,2.720
06/11/2020,Serology Tests,278
05/11/2020,Confirmed Cases,4.146
05/11/2020,PCR Tests,24.720
05/11/2020,* Antigen Tests,1.625
05/11/2020,Serology Tests,339
04/11/2020,Confirmed Cases,3.920
04/11/2020,PCR Tests,24.051
04/11/2020,* Antigen Tests,5.229
04/11/2020,Serology Tests,278
03/11/2020,Confirmed Cases,2.921
03/11/2020,PCR Tests,28.419
03/11/2020,* Antigen Tests,1.497
03/11/2020,Serology Tests,267
02/11/2020,Confirmed Cases,2.212
02/11/2020,PCR Tests,12.954
02/11/2020,* Antigen Tests,1.107
02/11/2020,Serology Tests,138
01/11/2020,Confirmed Cases,2.582
01/11/2020,PCR Tests,16.121
01/11/2020,* Antigen Tests,806
01/11/2020,Serology Tests,194
31/10/2020,Confirmed Cases,2.101
31/10/2020,PCR Tests,17.229
31/10/2020,* Antigen Tests,732
31/10/2020,Serology Tests,207
30/10/2020,Confirmed Cases,2.908
30/10/2020,PCR Tests,25.593
30/10/2020,* Antigen Tests,1.677
30/10/2020,Serology Tests,328
29/10/2020,Confirmed Cases,2.702
29/10/2020,PCR Tests,21.508
29/10/2020,* Antigen Tests,2.019
29/10/2020,Serology Tests,282
28/10/2020,Confirmed Cases,2.771
28/10/2020,PCR Tests,19.401
28/10/2020,* Antigen Tests,3.400
28/10/2020,Serology Tests,261
27/10/2020,Confirmed Cases,2.235
27/10/2020,PCR Tests,16.313
27/10/2020,* Antigen Tests,2.090
27/10/2020,Serology Tests,305
26/10/2020,Confirmed Cases,1.777
26/10/2020,PCR Tests,19.385
26/10/2020,* Antigen Tests,2.058
26/10/2020,Serology Tests,185
25/10/2020,Confirmed Cases,1.501
25/10/2020,PCR Tests,12.692
25/10/2020,* Antigen Tests,1.431
25/10/2020,Serology Tests,92
24/10/2020,Confirmed Cases,2.008
24/10/2020,PCR Tests,18.366
24/10/2020,* Antigen Tests,891
24/10/2020,Serology Tests,320
23/10/2020,Confirmed Cases,2.351
23/10/2020,PCR Tests,20.265
23/10/2020,* Antigen Tests,1.301
23/10/2020,Serology Tests,365
22/10/2020,Confirmed Cases,2.284
22/10/2020,PCR Tests,22.487
22/10/2020,* Antigen Tests,776
22/10/2020,Serology Tests,381
21/10/2020,Confirmed Cases,1.845
21/10/2020,PCR Tests,18.800
21/10/2020,* Antigen Tests,941
21/10/2020,Serology Tests,309
20/10/2020,Confirmed Cases,1.534
20/10/2020,PCR Tests,14.987
20/10/2020,* Antigen Tests,1.362
20/10/2020,Serology Tests,155
19/10/2020,Confirmed Cases,1.242
19/10/2020,PCR Tests,18.942
19/10/2020,* Antigen Tests,487
19/10/2020,Serology Tests,125
18/10/2020,Confirmed Cases,1.513
18/10/2020,PCR Tests,13.440
18/10/2020,* Antigen Tests,219
18/10/2020,Serology Tests,289
17/10/2020,Confirmed Cases,1.617
17/10/2020,PCR Tests,15.324
17/10/2020,* Antigen Tests,339
17/10/2020,Serology Tests,260
16/10/2020,Confirmed Cases,2.137
16/10/2020,PCR Tests,21.813
16/10/2020,* Antigen Tests,1.070
16/10/2020,Serology Tests,341
15/10/2020,Confirmed Cases,2.295
15/10/2020,PCR Tests,23.445
15/10/2020,* Antigen Tests,609
15/10/2020,Serology Tests,366
14/10/2020,Confirmed Cases,1.876
14/10/2020,PCR Tests,19.634
14/10/2020,* Antigen Tests,737
14/10/2020,Serology Tests,351
13/10/2020,Confirmed Cases,1.840
13/10/2020,PCR Tests,29.954
13/10/2020,* Antigen Tests,663
13/10/2020,Serology Tests,303
12/10/2020,Confirmed Cases,1.230
12/10/2020,PCR Tests,9.591
12/10/2020,* Antigen Tests,63
12/10/2020,Serology Tests,86
11/10/2020,Confirmed Cases,1.484
11/10/2020,PCR Tests,15.066
11/10/2020,* Antigen Tests,156
11/10/2020,Serology Tests,151
10/10/2020,Confirmed Cases,1.621
10/10/2020,PCR Tests,16.137
10/10/2020,* Antigen Tests,283
10/10/2020,Serology Tests,272
09/10/2020,Confirmed Cases,1.954
09/10/2020,PCR Tests,20.670
09/10/2020,* Antigen Tests,731
09/10/2020,Serology Tests,301
08/10/2020,Confirmed Cases,2.116
08/10/2020,PCR Tests,23.088
08/10/2020,* Antigen Tests,451
08/10/2020,Serology Tests,326
07/10/2020,Confirmed Cases,1.603
07/10/2020,PCR Tests,22.690
07/10/2020,* Antigen Tests,1.635
07/10/2020,Serology Tests,309
06/10/2020,Confirmed Cases,1.351
06/10/2020,PCR Tests,14.292
06/10/2020,* Antigen Tests,1.676
06/10/2020,Serology Tests,471
05/10/2020,Confirmed Cases,1.206
05/10/2020,PCR Tests,16.679
05/10/2020,* Antigen Tests,507
05/10/2020,Serology Tests,123
04/10/2020,Confirmed Cases,870
04/10/2020,PCR Tests,12.680
04/10/2020,* Antigen Tests,58
04/10/2020,Serology Tests,145
03/10/2020,Confirmed Cases,1.325
03/10/2020,PCR Tests,15.856
03/10/2020,* Antigen Tests,132
03/10/2020,Serology Tests,240
02/10/2020,Confirmed Cases,1.691
02/10/2020,PCR Tests,24.940
02/10/2020,* Antigen Tests,598
02/10/2020,Serology Tests,255
01/10/2020,Confirmed Cases,1.758
01/10/2020,PCR Tests,22.125
01/10/2020,* Antigen Tests,633
01/10/2020,Serology Tests,254
30/09/2020,Confirmed Cases,1.823
30/09/2020,PCR Tests,22.112
30/09/2020,* Antigen Tests,695
30/09/2020,Serology Tests,197
29/09/2020,Confirmed Cases,1.363
29/09/2020,PCR Tests,19.365
29/09/2020,* Antigen Tests,1.489
29/09/2020,Serology Tests,138
28/09/2020,Confirmed Cases,1.440
28/09/2020,PCR Tests,13.150
28/09/2020,* Antigen Tests,1.350
28/09/2020,Serology Tests,154
27/09/2020,Confirmed Cases,1.407
27/09/2020,PCR Tests,15.137
27/09/2020,* Antigen Tests,190
27/09/2020,Serology Tests,161
26/09/2020,Confirmed Cases,1.812
26/09/2020,PCR Tests,15.878
26/09/2020,* Antigen Tests,104
26/09/2020,Serology Tests,237
25/09/2020,Confirmed Cases,2.262
25/09/2020,PCR Tests,27.630
25/09/2020,* Antigen Tests,414
25/09/2020,Serology Tests,404
24/09/2020,Confirmed Cases,1.872
24/09/2020,PCR Tests,25.414
24/09/2020,* Antigen Tests,474
24/09/2020,Serology Tests,352
23/09/2020,Confirmed Cases,1.493
23/09/2020,PCR Tests,17.732
23/09/2020,* Antigen Tests,231
23/09/2020,Serology Tests,294
22/09/2020,Confirmed Cases,1.256
22/09/2020,PCR Tests,16.133
22/09/2020,* Antigen Tests,898
22/09/2020,Serology Tests,433
21/09/2020,Confirmed Cases,1.166
21/09/2020,PCR Tests,18.336
21/09/2020,* Antigen Tests,780
21/09/2020,Serology Tests,163
20/09/2020,Confirmed Cases,1.401
20/09/2020,PCR Tests,12.210
20/09/2020,* Antigen Tests,432
20/09/2020,Serology Tests,436
19/09/2020,Confirmed Cases,1.595
19/09/2020,PCR Tests,16.317
19/09/2020,* Antigen Tests,279
19/09/2020,Serology Tests,205
18/09/2020,Confirmed Cases,1.430
18/09/2020,PCR Tests,21.532
18/09/2020,* Antigen Tests,505
18/09/2020,Serology Tests,301
17/09/2020,Confirmed Cases,1.533
17/09/2020,PCR Tests,21.464
17/09/2020,* Antigen Tests,269
17/09/2020,Serology Tests,286
16/09/2020,Confirmed Cases,1.629
16/09/2020,PCR Tests,22.018
16/09/2020,* Antigen Tests,324
16/09/2020,Serology Tests,277
15/09/2020,Confirmed Cases,1.205
15/09/2020,PCR Tests,16.348
15/09/2020,* Antigen Tests,907
15/09/2020,Serology Tests,304
14/09/2020,Confirmed Cases,1.470
14/09/2020,PCR Tests,18.472
14/09/2020,* Antigen Tests,432
14/09/2020,Serology Tests,130
13/09/2020,Confirmed Cases,1.271
13/09/2020,PCR Tests,20.694
13/09/2020,* Antigen Tests,268
13/09/2020,Serology Tests,266
12/09/2020,Confirmed Cases,2.495
12/09/2020,PCR Tests,25.730
12/09/2020,* Antigen Tests,124
12/09/2020,Serology Tests,354
11/09/2020,Confirmed Cases,2.566
11/09/2020,PCR Tests,28.692
11/09/2020,* Antigen Tests,177
11/09/2020,Serology Tests,259
10/09/2020,Confirmed Cases,1.081
10/09/2020,PCR Tests,15.598
10/09/2020,* Antigen Tests,260
10/09/2020,Serology Tests,201
09/09/2020,Confirmed Cases,1.038
09/09/2020,PCR Tests,20.822
09/09/2020,* Antigen Tests,2.419
09/09/2020,Serology Tests,412
08/09/2020,Confirmed Cases,1.179
08/09/2020,PCR Tests,17.350
08/09/2020,* Antigen Tests,565
08/09/2020,Serology Tests,115
07/09/2020,Confirmed Cases,667
07/09/2020,PCR Tests,8.579
07/09/2020,* Antigen Tests,112
07/09/2020,Serology Tests,39
06/09/2020,Confirmed Cases,1.015
06/09/2020,PCR Tests,11.508
06/09/2020,* Antigen Tests,45
06/09/2020,Serology Tests,197
05/09/2020,Confirmed Cases,1.354
05/09/2020,PCR Tests,13.605
05/09/2020,* Antigen Tests,345
05/09/2020,Serology Tests,235
04/09/2020,Confirmed Cases,2.129
04/09/2020,PCR Tests,24.920
04/09/2020,* Antigen Tests,118
04/09/2020,Serology Tests,275
03/09/2020,Confirmed Cases,1.443
03/09/2020,PCR Tests,21.394
03/09/2020,* Antigen Tests,452
03/09/2020,Serology Tests,304
02/09/2020,Confirmed Cases,1.595
02/09/2020,PCR Tests,13.413
02/09/2020,* Antigen Tests,226
02/09/2020,Serology Tests,206
01/09/2020,Confirmed Cases,1.088
01/09/2020,PCR Tests,9.995
01/09/2020,* Antigen Tests,119
01/09/2020,Serology Tests,373
31/08/2020,Confirmed Cases,973
31/08/2020,PCR Tests,12.907
31/08/2020,* Antigen Tests,89
31/08/2020,Serology Tests,136
30/08/2020,Confirmed Cases,1.151
30/08/2020,PCR Tests,11.604
30/08/2020,* Antigen Tests,48
30/08/2020,Serology Tests,148
29/08/2020,Confirmed Cases,1.403
29/08/2020,PCR Tests,12.388
29/08/2020,* Antigen Tests,49
29/08/2020,Serology Tests,346
28/08/2020,Confirmed Cases,1.171
28/08/2020,PCR Tests,15.585
28/08/2020,* Antigen Tests,143
28/08/2020,Serology Tests,480
27/08/2020,Confirmed Cases,1.539
27/08/2020,PCR Tests,18.975
27/08/2020,* Antigen Tests,177
27/08/2020,Serology Tests,631
26/08/2020,Confirmed Cases,1.499
26/08/2020,PCR Tests,15.570
26/08/2020,* Antigen Tests,95
26/08/2020,Serology Tests,489
25/08/2020,Confirmed Cases,836
25/08/2020,PCR Tests,13.743
25/08/2020,* Antigen Tests,64
25/08/2020,Serology Tests,284
24/08/2020,Confirmed Cases,866
24/08/2020,PCR Tests,8.782
24/08/2020,* Antigen Tests,57
24/08/2020,Serology Tests,64
23/08/2020,Confirmed Cases,919
23/08/2020,PCR Tests,10.667
23/08/2020,* Antigen Tests,3
23/08/2020,Serology Tests,185
22/08/2020,Confirmed Cases,951
22/08/2020,PCR Tests,9.654
22/08/2020,* Antigen Tests,50
22/08/2020,Serology Tests,303
21/08/2020,Confirmed Cases,1.233
21/08/2020,PCR Tests,12.652
21/08/2020,* Antigen Tests,54
21/08/2020,Serology Tests,409
20/08/2020,Confirmed Cases,1.198
20/08/2020,PCR Tests,15.383
20/08/2020,* Antigen Tests,68
20/08/2020,Serology Tests,397
19/08/2020,Confirmed Cases,1.075
19/08/2020,PCR Tests,14.370
19/08/2020,* Antigen Tests,29
19/08/2020,Serology Tests,408
18/08/2020,Confirmed Cases,1.002
18/08/2020,PCR Tests,11.877
18/08/2020,* Antigen Tests,44
18/08/2020,Serology Tests,275
17/08/2020,Confirmed Cases,1.039
17/08/2020,PCR Tests,14.496
17/08/2020,* Antigen Tests,203
17/08/2020,Serology Tests,105
16/08/2020,Confirmed Cases,1.105
16/08/2020,PCR Tests,18.757
16/08/2020,* Antigen Tests,350
16/08/2020,Serology Tests,501
15/08/2020,Confirmed Cases,1.287
15/08/2020,PCR Tests,13.824
15/08/2020,* Antigen Tests,241
15/08/2020,Serology Tests,299
14/08/2020,Confirmed Cases,1.079
14/08/2020,PCR Tests,13.432
14/08/2020,* Antigen Tests,27
14/08/2020,Serology Tests,482
13/08/2020,Confirmed Cases,1.449
13/08/2020,PCR Tests,18.544
13/08/2020,* Antigen Tests,59
13/08/2020,Serology Tests,640
12/08/2020,Confirmed Cases,1.280
12/08/2020,PCR Tests,18.021
12/08/2020,* Antigen Tests,80
12/08/2020,Serology Tests,417
11/08/2020,Confirmed Cases,1.242
11/08/2020,PCR Tests,10.247
11/08/2020,* Antigen Tests,47
11/08/2020,Serology Tests,303
10/08/2020,Confirmed Cases,1.195
10/08/2020,PCR Tests,11.814
10/08/2020,* Antigen Tests,14
10/08/2020,Serology Tests,120
09/08/2020,Confirmed Cases,697
09/08/2020,PCR Tests,16.437
09/08/2020,* Antigen Tests,3
09/08/2020,Serology Tests,378
08/08/2020,Confirmed Cases,690
08/08/2020,PCR Tests,11.468
08/08/2020,* Antigen Tests,11
08/08/2020,Serology Tests,327
07/08/2020,Confirmed Cases,1.098
07/08/2020,PCR Tests,13.043
07/08/2020,* Antigen Tests,57
07/08/2020,Serology Tests,440
06/08/2020,Confirmed Cases,954
06/08/2020,PCR Tests,18.477
06/08/2020,* Antigen Tests,26
06/08/2020,Serology Tests,469
05/08/2020,Confirmed Cases,1.188
05/08/2020,PCR Tests,17.469
05/08/2020,* Antigen Tests,40
05/08/2020,Serology Tests,498
04/08/2020,Confirmed Cases,1.123
04/08/2020,PCR Tests,12.282
04/08/2020,* Antigen Tests,34
04/08/2020,Serology Tests,280
03/08/2020,Confirmed Cases,1.166
03/08/2020,PCR Tests,16.385
03/08/2020,* Antigen Tests,142
03/08/2020,Serology Tests,143
02/08/2020,Confirmed Cases,806
02/08/2020,PCR Tests,15.541
02/08/2020,* Antigen Tests,1
02/08/2020,Serology Tests,457
01/08/2020,Confirmed Cases,469
01/08/2020,PCR Tests,6.860
01/08/2020,* Antigen Tests,16
01/08/2020,Serology Tests,108
31/07/2020,Confirmed Cases,1.172
31/07/2020,PCR Tests,15.184
31/07/2020,* Antigen Tests,43
31/07/2020,Serology Tests,266
30/07/2020,Confirmed Cases,1.505
30/07/2020,PCR Tests,15.412
30/07/2020,* Antigen Tests,41
30/07/2020,Serology Tests,411
29/07/2020,Confirmed Cases,2.306
29/07/2020,PCR Tests,20.950
29/07/2020,* Antigen Tests,48
29/07/2020,Serology Tests,424
28/07/2020,Confirmed Cases,1.929
28/07/2020,PCR Tests,11.734
28/07/2020,* Antigen Tests,30
28/07/2020,Serology Tests,385
27/07/2020,Confirmed Cases,1.545
27/07/2020,PCR Tests,16.150
27/07/2020,* Antigen Tests,32
27/07/2020,Serology Tests,380
26/07/2020,Confirmed Cases,991
26/07/2020,PCR Tests,25.586
26/07/2020,* Antigen Tests,102
26/07/2020,Serology Tests,683
25/07/2020,Confirmed Cases,1.238
25/07/2020,PCR Tests,10.252
25/07/2020,* Antigen Tests,55
25/07/2020,Serology Tests,341
24/07/2020,Confirmed Cases,1.697
24/07/2020,PCR Tests,10.454
24/07/2020,* Antigen Tests,21
24/07/2020,Serology Tests,365
23/07/2020,Confirmed Cases,1.735
23/07/2020,PCR Tests,12.815
23/07/2020,* Antigen Tests,17
23/07/2020,Serology Tests,523
22/07/2020,Confirmed Cases,1.408
22/07/2020,PCR Tests,20.461
22/07/2020,* Antigen Tests,50
22/07/2020,Serology Tests,674
21/07/2020,Confirmed Cases,1.096
21/07/2020,PCR Tests,13.065
21/07/2020,* Antigen Tests,52
21/07/2020,Serology Tests,639
20/07/2020,Confirmed Cases,1.065
20/07/2020,PCR Tests,11.687
20/07/2020,* Antigen Tests,43
20/07/2020,Serology Tests,234
19/07/2020,Confirmed Cases,555
19/07/2020,PCR Tests,18.273
19/07/2020,* Antigen Tests,21
19/07/2020,Serology Tests,1.269
18/07/2020,Confirmed Cases,782
18/07/2020,PCR Tests,11.018
18/07/2020,* Antigen Tests,8
18/07/2020,Serology Tests,594
17/07/2020,Confirmed Cases,991
17/07/2020,PCR Tests,19.245
17/07/2020,* Antigen Tests,23
17/07/2020,Serology Tests,698
16/07/2020,Confirmed Cases,708
16/07/2020,PCR Tests,11.843
16/07/2020,* Antigen Tests,45
16/07/2020,Serology Tests,189
15/07/2020,Confirmed Cases,604
15/07/2020,PCR Tests,14.956
15/07/2020,* Antigen Tests,44
15/07/2020,Serology Tests,599
14/07/2020,Confirmed Cases,855
14/07/2020,PCR Tests,16.958
14/07/2020,* Antigen Tests,57
14/07/2020,Serology Tests,335
13/07/2020,Confirmed Cases,884
13/07/2020,PCR Tests,12.902
13/07/2020,* Antigen Tests,33
13/07/2020,Serology Tests,608
12/07/2020,Confirmed Cases,343
12/07/2020,PCR Tests,14.020
12/07/2020,* Antigen Tests,3
12/07/2020,Serology Tests,391
11/07/2020,Confirmed Cases,313
11/07/2020,PCR Tests,14.897
11/07/2020,* Antigen Tests,24
11/07/2020,Serology Tests,726
10/07/2020,Confirmed Cases,533
10/07/2020,PCR Tests,12.979
10/07/2020,* Antigen Tests,40
10/07/2020,Serology Tests,557
09/07/2020,Confirmed Cases,621
09/07/2020,PCR Tests,12.264
09/07/2020,* Antigen Tests,33
09/07/2020,Serology Tests,629
08/07/2020,Confirmed Cases,726
08/07/2020,PCR Tests,16.887
08/07/2020,* Antigen Tests,39
08/07/2020,Serology Tests,679
07/07/2020,Confirmed Cases,557
07/07/2020,PCR Tests,8.131
07/07/2020,* Antigen Tests,67
07/07/2020,Serology Tests,294
06/07/2020,Confirmed Cases,646
06/07/2020,PCR Tests,11.725
06/07/2020,* Antigen Tests,11
06/07/2020,Serology Tests,345
05/07/2020,Confirmed Cases,294
05/07/2020,PCR Tests,9.955
05/07/2020,* Antigen Tests,
05/07/2020,Serology Tests,352
04/07/2020,Confirmed Cases,229
04/07/2020,PCR Tests,9.001
04/07/2020,* Antigen Tests,3
04/07/2020,Serology Tests,435
03/07/2020,Confirmed Cases,436
03/07/2020,PCR Tests,10.437
03/07/2020,* Antigen Tests,3
03/07/2020,Serology Tests,929
02/07/2020,Confirmed Cases,398
02/07/2020,PCR Tests,10.280
02/07/2020,* Antigen Tests,20
02/07/2020,Serology Tests,886
01/07/2020,Confirmed Cases,371
01/07/2020,PCR Tests,10.069
01/07/2020,* Antigen Tests,10
01/07/2020,Serology Tests,673
30/06/2020,Confirmed Cases,248
30/06/2020,PCR Tests,21.397
30/06/2020,* Antigen Tests,35
30/06/2020,Serology Tests,516
29/06/2020,Confirmed Cases,481
29/06/2020,PCR Tests,7.503
29/06/2020,* Antigen Tests,3
29/06/2020,Serology Tests,592
28/06/2020,Confirmed Cases,487
28/06/2020,PCR Tests,7.794
28/06/2020,* Antigen Tests,7
28/06/2020,Serology Tests,515
27/06/2020,Confirmed Cases,237
27/06/2020,PCR Tests,7.204
27/06/2020,* Antigen Tests,5
27/06/2020,Serology Tests,393
26/06/2020,Confirmed Cases,370
26/06/2020,PCR Tests,8.755
26/06/2020,* Antigen Tests,19
26/06/2020,Serology Tests,657
25/06/2020,Confirmed Cases,451
25/06/2020,PCR Tests,9.517
25/06/2020,* Antigen Tests,10
25/06/2020,Serology Tests,1.017
24/06/2020,Confirmed Cases,455
24/06/2020,PCR Tests,18.960
24/06/2020,* Antigen Tests,18
24/06/2020,Serology Tests,1.582
23/06/2020,Confirmed Cases,289
23/06/2020,PCR Tests,5.962
23/06/2020,* Antigen Tests,18
23/06/2020,Serology Tests,156
22/06/2020,Confirmed Cases,390
22/06/2020,PCR Tests,6.576
22/06/2020,* Antigen Tests,19
22/06/2020,Serology Tests,440
21/06/2020,Confirmed Cases,358
21/06/2020,PCR Tests,3.049
21/06/2020,* Antigen Tests,2
21/06/2020,Serology Tests,34
20/06/2020,Confirmed Cases,180
20/06/2020,PCR Tests,11.555
20/06/2020,* Antigen Tests,1
20/06/2020,Serology Tests,952
19/06/2020,Confirmed Cases,471
19/06/2020,PCR Tests,600
19/06/2020,* Antigen Tests,3
19/06/2020,Serology Tests,40
18/06/2020,Confirmed Cases,175
18/06/2020,PCR Tests,11.085
18/06/2020,* Antigen Tests,7
18/06/2020,Serology Tests,546
17/06/2020,Confirmed Cases,303
17/06/2020,PCR Tests,9.065
17/06/2020,* Antigen Tests,14
17/06/2020,Serology Tests,736
16/06/2020,Confirmed Cases,190
16/06/2020,PCR Tests,7.458
16/06/2020,* Antigen Tests,6
16/06/2020,Serology Tests,387
15/06/2020,Confirmed Cases,280
15/06/2020,PCR Tests,6.382
15/06/2020,* Antigen Tests,6
15/06/2020,Serology Tests,536
14/06/2020,Confirmed Cases,191
14/06/2020,PCR Tests,5.637
14/06/2020,* Antigen Tests,1
14/06/2020,Serology Tests,142
13/06/2020,Confirmed Cases,145
13/06/2020,PCR Tests,6.761
13/06/2020,* Antigen Tests,
13/06/2020,Serology Tests,722
12/06/2020,Confirmed Cases,244
12/06/2020,PCR Tests,6.132
12/06/2020,* Antigen Tests,13
12/06/2020,Serology Tests,1.114
11/06/2020,Confirmed Cases,187
11/06/2020,PCR Tests,7.813
11/06/2020,* Antigen Tests,5
11/06/2020,Serology Tests,968
10/06/2020,Confirmed Cases,242
10/06/2020,PCR Tests,9.589
10/06/2020,* Antigen Tests,6
10/06/2020,Serology Tests,1.022
09/06/2020,Confirmed Cases,221
09/06/2020,PCR Tests,7.469
09/06/2020,* Antigen Tests,14
09/06/2020,Serology Tests,737
08/06/2020,Confirmed Cases,190
08/06/2020,PCR Tests,8.955
08/06/2020,* Antigen Tests,9
08/06/2020,Serology Tests,462
07/06/2020,Confirmed Cases,177
07/06/2020,PCR Tests,5.195
07/06/2020,* Antigen Tests,
07/06/2020,Serology Tests,371
06/06/2020,Confirmed Cases,84
06/06/2020,PCR Tests,7.646
06/06/2020,* Antigen Tests,17
06/06/2020,Serology Tests,734
05/06/2020,Confirmed Cases,197
05/06/2020,PCR Tests,5.187
05/06/2020,* Antigen Tests,14
05/06/2020,Serology Tests,787
04/06/2020,Confirmed Cases,201
04/06/2020,PCR Tests,6.603
04/06/2020,* Antigen Tests,11
04/06/2020,Serology Tests,639
03/06/2020,Confirmed Cases,256
03/06/2020,PCR Tests,7.930
03/06/2020,* Antigen Tests,22
03/06/2020,Serology Tests,1.118
02/06/2020,Confirmed Cases,238
02/06/2020,PCR Tests,6.074
02/06/2020,* Antigen Tests,9
02/06/2020,Serology Tests,861
01/06/2020,Confirmed Cases,222
01/06/2020,PCR Tests,6.894
01/06/2020,* Antigen Tests,
01/06/2020,Serology Tests,654
31/05/2020,Confirmed Cases,241
31/05/2020,PCR Tests,6.188
31/05/2020,* Antigen Tests,
31/05/2020,Serology Tests,144
30/05/2020,Confirmed Cases,113
30/05/2020,PCR Tests,7.766
30/05/2020,* Antigen Tests,
30/05/2020,Serology Tests,837
29/05/2020,Confirmed Cases,173
29/05/2020,PCR Tests,8.296
29/05/2020,* Antigen Tests,1
29/05/2020,Serology Tests,1.075
28/05/2020,Confirmed Cases,146
28/05/2020,PCR Tests,7.716
28/05/2020,* Antigen Tests,
28/05/2020,Serology Tests,993
27/05/2020,Confirmed Cases,151
27/05/2020,PCR Tests,7.143
27/05/2020,* Antigen Tests,
27/05/2020,Serology Tests,1.081
26/05/2020,Confirmed Cases,198
26/05/2020,PCR Tests,6.061
26/05/2020,* Antigen Tests,
26/05/2020,Serology Tests,111
25/05/2020,Confirmed Cases,168
25/05/2020,PCR Tests,3.437
25/05/2020,* Antigen Tests,1
25/05/2020,Serology Tests,534
24/05/2020,Confirmed Cases,141
24/05/2020,PCR Tests,6.032
24/05/2020,* Antigen Tests,
24/05/2020,Serology Tests,526
23/05/2020,Confirmed Cases,175
23/05/2020,PCR Tests,4.022
23/05/2020,* Antigen Tests,
23/05/2020,Serology Tests,1.139
22/05/2020,Confirmed Cases,224
22/05/2020,PCR Tests,5.331
22/05/2020,* Antigen Tests,
22/05/2020,Serology Tests,1.580
21/05/2020,Confirmed Cases,209
21/05/2020,PCR Tests,5.299
21/05/2020,* Antigen Tests,
21/05/2020,Serology Tests,1.132
20/05/2020,Confirmed Cases,133
20/05/2020,PCR Tests,8.192
20/05/2020,* Antigen Tests,
20/05/2020,Serology Tests,2.189
19/05/2020,Confirmed Cases,138
19/05/2020,PCR Tests,4.028
19/05/2020,* Antigen Tests,
19/05/2020,Serology Tests,260
18/05/2020,Confirmed Cases,149
18/05/2020,PCR Tests,3.409
18/05/2020,* Antigen Tests,
18/05/2020,Serology Tests,549
17/05/2020,Confirmed Cases,143
17/05/2020,PCR Tests,2.354
17/05/2020,* Antigen Tests,
17/05/2020,Serology Tests,555
16/05/2020,Confirmed Cases,128
16/05/2020,PCR Tests,3.243
16/05/2020,* Antigen Tests,
16/05/2020,Serology Tests,1.279
15/05/2020,Confirmed Cases,226
15/05/2020,PCR Tests,5.028
15/05/2020,* Antigen Tests,
15/05/2020,Serology Tests,1.622
14/05/2020,Confirmed Cases,191
14/05/2020,PCR Tests,4.114
14/05/2020,* Antigen Tests,
14/05/2020,Serology Tests,981
13/05/2020,Confirmed Cases,173
13/05/2020,PCR Tests,7.594
13/05/2020,* Antigen Tests,
13/05/2020,Serology Tests,1.958
12/05/2020,Confirmed Cases,126
12/05/2020,PCR Tests,2.548
12/05/2020,* Antigen Tests,1
12/05/2020,Serology Tests,482
11/05/2020,Confirmed Cases,106
11/05/2020,PCR Tests,3.324
11/05/2020,* Antigen Tests,
11/05/2020,Serology Tests,387
10/05/2020,Confirmed Cases,63
10/05/2020,PCR Tests,3.487
10/05/2020,* Antigen Tests,
10/05/2020,Serology Tests,353
09/05/2020,Confirmed Cases,195
09/05/2020,PCR Tests,3.889
09/05/2020,* Antigen Tests,
09/05/2020,Serology Tests,724
08/05/2020,Confirmed Cases,157
08/05/2020,PCR Tests,3.738
08/05/2020,* Antigen Tests,1
08/05/2020,Serology Tests,474
07/05/2020,Confirmed Cases,191
07/05/2020,PCR Tests,3.325
07/05/2020,* Antigen Tests,
07/05/2020,Serology Tests,330
06/05/2020,Confirmed Cases,270
06/05/2020,PCR Tests,3.200
06/05/2020,* Antigen Tests,
06/05/2020,Serology Tests,229
05/05/2020,Confirmed Cases,192
05/05/2020,PCR Tests,5.386
05/05/2020,* Antigen Tests,
05/05/2020,Serology Tests,112
04/05/2020,Confirmed Cases,145
04/05/2020,PCR Tests,1.907
04/05/2020,* Antigen Tests,
04/05/2020,Serology Tests,185
03/05/2020,Confirmed Cases,352
03/05/2020,PCR Tests,4.710
03/05/2020,* Antigen Tests,
03/05/2020,Serology Tests,253
02/05/2020,Confirmed Cases,221
02/05/2020,PCR Tests,4.619
02/05/2020,* Antigen Tests,
02/05/2020,Serology Tests,387
01/05/2020,Confirmed Cases,294
01/05/2020,PCR Tests,3.171
01/05/2020,* Antigen Tests,
01/05/2020,Serology Tests,313
30/04/2020,Confirmed Cases,244
30/04/2020,PCR Tests,2.733
30/04/2020,* Antigen Tests,
30/04/2020,Serology Tests,287
29/04/2020,Confirmed Cases,154
29/04/2020,PCR Tests,2.530
29/04/2020,* Antigen Tests,
29/04/2020,Serology Tests,220
28/04/2020,Confirmed Cases,140
28/04/2020,PCR Tests,1.644
28/04/2020,* Antigen Tests,
28/04/2020,Serology Tests,38
27/04/2020,Confirmed Cases,126
27/04/2020,PCR Tests,2.805
27/04/2020,* Antigen Tests,
27/04/2020,Serology Tests,10
26/04/2020,Confirmed Cases,136
26/04/2020,PCR Tests,2.106
26/04/2020,* Antigen Tests,
26/04/2020,Serology Tests,200
25/04/2020,Confirmed Cases,192
25/04/2020,PCR Tests,2.627
25/04/2020,* Antigen Tests,1
25/04/2020,Serology Tests,170
24/04/2020,Confirmed Cases,217
24/04/2020,PCR Tests,3.912
24/04/2020,* Antigen Tests,
24/04/2020,Serology Tests,81
23/04/2020,Confirmed Cases,339
23/04/2020,PCR Tests,2.476
23/04/2020,* Antigen Tests,
23/04/2020,Serology Tests,15
22/04/2020,Confirmed Cases,161
22/04/2020,PCR Tests,1.690
22/04/2020,* Antigen Tests,
22/04/2020,Serology Tests,5
21/04/2020,Confirmed Cases,164
21/04/2020,PCR Tests,1.490
21/04/2020,* Antigen Tests,
21/04/2020,Serology Tests,10
20/04/2020,Confirmed Cases,163
20/04/2020,PCR Tests,848
20/04/2020,* Antigen Tests,
20/04/2020,Serology Tests,
19/04/2020,Confirmed Cases,106
19/04/2020,PCR Tests,21.094
19/04/2020,* Antigen Tests,
19/04/2020,Serology Tests,5
18/04/2020,Confirmed Cases,181
18/04/2020,PCR Tests,337
18/04/2020,* Antigen Tests,
18/04/2020,Serology Tests,
17/04/2020,Confirmed Cases,234
17/04/2020,PCR Tests,1.024
17/04/2020,* Antigen Tests,
17/04/2020,Serology Tests,
16/04/2020,Confirmed Cases,179
16/04/2020,PCR Tests,4.171
16/04/2020,* Antigen Tests,
16/04/2020,Serology Tests,
15/04/2020,Confirmed Cases,211
15/04/2020,PCR Tests,4.905
15/04/2020,* Antigen Tests,
15/04/2020,Serology Tests,
14/04/2020,Confirmed Cases,171
14/04/2020,PCR Tests,870
14/04/2020,* Antigen Tests,
14/04/2020,Serology Tests,
13/04/2020,Confirmed Cases,298
13/04/2020,PCR Tests,1.362
13/04/2020,* Antigen Tests,
13/04/2020,Serology Tests,3
12/04/2020,Confirmed Cases,173
12/04/2020,PCR Tests,426
12/04/2020,* Antigen Tests,
12/04/2020,Serology Tests,
11/04/2020,Confirmed Cases,171
11/04/2020,PCR Tests,402
11/04/2020,* Antigen Tests,
11/04/2020,Serology Tests,
10/04/2020,Confirmed Cases,269
10/04/2020,PCR Tests,1.193
10/04/2020,* Antigen Tests,
10/04/2020,Serology Tests,
09/04/2020,Confirmed Cases,248
09/04/2020,PCR Tests,1.788
09/04/2020,* Antigen Tests,
09/04/2020,Serology Tests,
08/04/2020,Confirmed Cases,195
08/04/2020,PCR Tests,839
08/04/2020,* Antigen Tests,
08/04/2020,Serology Tests,
07/04/2020,Confirmed Cases,288
07/04/2020,PCR Tests,1.472
07/04/2020,* Antigen Tests,
07/04/2020,Serology Tests,
06/04/2020,Confirmed Cases,326
06/04/2020,PCR Tests,922
06/04/2020,* Antigen Tests,
06/04/2020,Serology Tests,
05/04/2020,Confirmed Cases,296
05/04/2020,PCR Tests,754
05/04/2020,* Antigen Tests,
05/04/2020,Serology Tests,
04/04/2020,Confirmed Cases,70
04/04/2020,PCR Tests,276
04/04/2020,* Antigen Tests,
04/04/2020,Serology Tests,
03/04/2020,Confirmed Cases,224
03/04/2020,PCR Tests,378
03/04/2020,* Antigen Tests,
03/04/2020,Serology Tests,
02/04/2020,Confirmed Cases,249
02/04/2020,PCR Tests,301
02/04/2020,* Antigen Tests,
02/04/2020,Serology Tests,
01/04/2020,Confirmed Cases,304
01/04/2020,PCR Tests,322
01/04/2020,* Antigen Tests,
01/04/2020,Serology Tests,
31/03/2020,Confirmed Cases,308
31/03/2020,PCR Tests,329
31/03/2020,* Antigen Tests,
31/03/2020,Serology Tests,
30/03/2020,Confirmed Cases,198
30/03/2020,PCR Tests,208
30/03/2020,* Antigen Tests,
30/03/2020,Serology Tests,
29/03/2020,Confirmed Cases,87
29/03/2020,PCR Tests,94
29/03/2020,* Antigen Tests,
29/03/2020,Serology Tests,
28/03/2020,Confirmed Cases,57
28/03/2020,PCR Tests,61
28/03/2020,* Antigen Tests,
28/03/2020,Serology Tests,
27/03/2020,Confirmed Cases,175
27/03/2020,PCR Tests,187
27/03/2020,* Antigen Tests,
27/03/2020,Serology Tests,
26/03/2020,Confirmed Cases,163
26/03/2020,PCR Tests,177
26/03/2020,* Antigen Tests,
26/03/2020,Serology Tests,
25/03/2020,Confirmed Cases,111
25/03/2020,PCR Tests,119
25/03/2020,* Antigen Tests,1
25/03/2020,Serology Tests,
24/03/2020,Confirmed Cases,72
24/03/2020,PCR Tests,78
24/03/2020,* Antigen Tests,
24/03/2020,Serology Tests,
23/03/2020,Confirmed Cases,125
23/03/2020,PCR Tests,139
23/03/2020,* Antigen Tests,
23/03/2020,Serology Tests,
22/03/2020,Confirmed Cases,10
22/03/2020,PCR Tests,12
22/03/2020,* Antigen Tests,
22/03/2020,Serology Tests,
21/03/2020,Confirmed Cases,17
21/03/2020,PCR Tests,17
21/03/2020,* Antigen Tests,
21/03/2020,Serology Tests,
20/03/2020,Confirmed Cases,31
20/03/2020,PCR Tests,32
20/03/2020,* Antigen Tests,
20/03/2020,Serology Tests,
19/03/2020,Confirmed Cases,14
19/03/2020,PCR Tests,17
19/03/2020,* Antigen Tests,
19/03/2020,Serology Tests,
18/03/2020,Confirmed Cases,8
18/03/2020,PCR Tests,10
18/03/2020,* Antigen Tests,
18/03/2020,Serology Tests,
17/03/2020,Confirmed Cases,7
17/03/2020,PCR Tests,8
17/03/2020,* Antigen Tests,
17/03/2020,Serology Tests,
16/03/2020,Confirmed Cases,6
16/03/2020,PCR Tests,6
16/03/2020,* Antigen Tests,
16/03/2020,Serology Tests,
,Confirmed Cases,0
,PCR Tests,42.459
,* Antigen Tests,
,Serology Tests,
